City_ID,City,Country,Date,Lat,Lng,Max Temp,Humidity,Cloudiness,Wind Speed
0,Mustasaari,FI,2021-07-27 22:15:38,63.1142,21.6822,69.89,60,0,3.44
1,Bathsheba,BB,2021-07-27 22:15:38,13.2167,-59.5167,83.01,69,20,17.27
2,Pevek,RU,2021-07-27 22:15:38,69.7008,170.3133,34.07,94,100,10.4
3,Aginskoye,RU,2021-07-27 22:15:39,51.1,114.53,59.11,90,26,2.39
4,Sao Felix Do Xingu,BR,2021-07-27 22:15:39,-6.6447,-51.995,80.78,37,0,1.54
5,Saint-Philippe,RE,2021-07-27 22:15:39,-21.3585,55.7679,67.55,85,50,14.2
6,Ushuaia,AR,2021-07-27 22:11:19,-54.8,-68.3,37.06,93,90,4.61
7,Maltahohe,NA,2021-07-27 22:15:40,-24.8333,16.9833,52.56,37,0,5.21
8,Waddan,LY,2021-07-27 22:15:40,29.1614,16.139,79.14,47,0,16.62
9,Punta Arenas,CL,2021-07-27 22:15:40,-53.15,-70.9167,42.91,87,75,10.36
10,Kushiro,JP,2021-07-27 22:15:40,42.975,144.3747,70.75,100,75,1.14
11,Cabo San Lucas,MX,2021-07-27 22:15:41,22.8909,-109.9124,98.62,58,1,13.8
12,Saint-Joseph,RE,2021-07-27 22:15:41,-21.3667,55.6167,66.56,80,37,13.29
13,Tias,ES,2021-07-27 22:15:41,28.9611,-13.645,71.35,68,75,17.27
14,Ust-Tsilma,RU,2021-07-27 22:15:42,65.441,52.1498,41.25,90,51,8.03
15,Mataura,NZ,2021-07-27 22:15:42,-46.1927,168.8643,49.48,88,40,0.76
16,Beidao,CN,2021-07-27 22:15:43,34.5686,105.8933,63.54,88,68,1.86
17,Butaritari,KI,2021-07-27 22:15:43,3.0707,172.7902,81.72,70,98,3.49
18,Vaini,TO,2021-07-27 22:15:43,-21.2,-175.2,69.96,88,75,5.75
19,Potsdam,DE,2021-07-27 22:15:43,52.3989,13.0657,74.1,91,80,5.93
20,Cidreira,BR,2021-07-27 22:15:44,-30.1811,-50.2056,50.72,49,49,19.01
21,Jamestown,US,2021-07-27 22:15:44,42.097,-79.2353,78.08,64,90,3.0
22,Atuona,PF,2021-07-27 22:11:07,-9.8,-139.0333,77.5,71,16,18.43
23,Port Elizabeth,ZA,2021-07-27 22:11:33,-33.918,25.5701,57.09,86,18,11.52
24,Zhaotong,CN,2021-07-27 22:15:45,27.3167,103.7167,61.83,93,100,1.43
25,Clyde River,CA,2021-07-27 22:12:07,70.4692,-68.5914,45.66,74,96,5.28
26,Busselton,AU,2021-07-27 22:15:45,-33.65,115.3333,46.04,68,100,13.51
27,Torbay,CA,2021-07-27 22:15:45,47.6666,-52.7314,67.28,98,90,17.27
28,Kodiak,US,2021-07-27 22:15:46,57.79,-152.4072,60.31,63,75,3.44
29,Chuy,UY,2021-07-27 22:15:46,-33.6971,-53.4616,43.57,66,13,16.31
30,Tiksi,RU,2021-07-27 22:15:46,71.6872,128.8694,38.82,88,51,8.75
31,Tokmak,UA,2021-07-27 22:15:47,47.2514,35.7058,72.21,68,79,6.69
32,Mount Gambier,AU,2021-07-27 22:12:11,-37.8333,140.7667,46.98,82,25,17.11
33,Nurota,UZ,2021-07-27 22:15:47,40.5614,65.6886,77.09,25,0,15.66
34,Bredasdorp,ZA,2021-07-27 22:15:47,-34.5322,20.0403,56.52,72,100,12.66
35,Chapais,CA,2021-07-27 22:15:14,49.7834,-74.8492,60.6,42,100,7.43
36,Katsuura,JP,2021-07-27 22:15:48,35.1333,140.3,84.11,84,100,17.22
37,Aykhal,RU,2021-07-27 22:10:57,66.0,111.5,77.41,48,22,3.33
38,Port Alfred,ZA,2021-07-27 22:15:48,-33.5906,26.891,68.23,43,4,12.64
39,Rikitea,PF,2021-07-27 22:15:48,-23.1203,-134.9692,74.62,77,100,15.01
40,Cayenne,GF,2021-07-27 22:15:49,4.9333,-52.3333,82.44,85,75,5.01
41,Sapa,PH,2021-07-27 22:15:49,5.1544,120.3241,82.18,85,100,13.06
42,Tura,IN,2021-07-27 22:15:49,25.5198,90.2201,74.35,97,99,3.18
43,Qaanaaq,GL,2021-07-27 22:15:14,77.484,-69.3632,41.22,99,100,4.27
44,Albany,US,2021-07-27 22:15:50,42.6001,-73.9662,71.02,64,51,3.0
45,Klaksvik,FO,2021-07-27 22:15:50,62.2266,-6.589,52.72,96,94,11.07
46,Carnarvon,AU,2021-07-27 22:15:50,-24.8667,113.6333,57.27,53,100,4.61
47,Naron,ES,2021-07-27 22:15:51,43.5167,-8.1528,66.6,93,12,6.04
48,Harfleur,FR,2021-07-27 22:15:51,49.5066,0.1983,63.61,79,75,17.27
49,Am Timan,TD,2021-07-27 22:15:51,11.0297,20.2827,70.65,96,100,5.35
50,Buchanan,LR,2021-07-27 22:15:52,5.8808,-10.0467,75.16,80,100,9.91
51,Faanui,PF,2021-07-27 22:15:52,-16.4833,-151.75,78.03,74,25,7.7
52,Egvekinot,RU,2021-07-27 22:15:52,66.3167,-179.1667,41.0,89,100,10.63
53,Yellowknife,CA,2021-07-27 22:15:07,62.456,-114.3525,59.32,50,84,3.0
54,Bluefields,NI,2021-07-27 22:15:53,12.0137,-83.7635,77.07,94,40,0.0
55,Banswara,IN,2021-07-27 22:15:53,23.55,74.45,76.8,91,100,15.75
56,Takoradi,GH,2021-07-27 22:15:53,4.8845,-1.7554,75.31,83,92,8.61
57,Tuktoyaktuk,CA,2021-07-27 22:11:22,69.4541,-133.0374,47.34,80,100,9.42
58,Avarua,CK,2021-07-27 22:15:54,-21.2078,-159.775,77.05,65,99,4.61
59,Ribeira Grande,PT,2021-07-27 22:11:32,38.5167,-28.7,72.28,84,75,10.89
60,Hermanus,ZA,2021-07-27 22:15:54,-34.4187,19.2345,55.8,76,94,18.25
61,Saint-Pierre,RE,2021-07-27 22:15:54,-21.3393,55.4781,67.64,88,75,5.75
62,Poum,NC,2021-07-27 22:11:36,-20.2333,164.0167,70.14,63,2,10.71
63,Geraldton,AU,2021-07-27 22:11:08,-28.7667,114.6,61.12,87,40,1.14
64,Mar Del Plata,AR,2021-07-27 22:11:49,-38.0023,-57.5575,47.12,65,75,10.0
65,Quesnel,CA,2021-07-27 22:15:06,52.9999,-122.5029,77.94,31,52,4.23
66,Arona,ES,2021-07-27 22:15:55,28.0996,-16.681,67.82,72,40,19.57
67,Katangli,RU,2021-07-27 22:15:55,51.7102,143.2326,65.3,95,100,4.05
68,Arraial Do Cabo,BR,2021-07-27 22:11:45,-22.9661,-42.0278,72.68,77,0,17.18
69,Broome,US,2021-07-27 22:13:18,42.2506,-75.833,72.18,96,90,1.01
70,Pachperwa,IN,2021-07-27 22:15:56,27.5167,82.65,80.38,88,91,4.92
71,Trinidad,BO,2021-07-27 22:15:56,-14.8333,-64.9,69.78,52,75,16.11
72,Vardo,NO,2021-07-27 22:15:56,70.3705,31.1107,46.6,88,85,13.02
73,Bandar-E Lengeh,IR,2021-07-27 22:15:57,26.5579,54.8807,91.74,69,25,9.71
74,Kapaa,US,2021-07-27 22:15:57,22.0752,-159.319,84.52,75,90,3.0
75,San Quintin,MX,2021-07-27 22:15:57,30.4833,-115.95,75.88,66,1,13.42
76,Bokoro,TD,2021-07-27 22:15:58,12.3807,17.0568,74.84,86,100,7.11
77,Courtenay,CA,2021-07-27 22:15:58,49.6866,-124.9936,86.99,42,20,6.91
78,Dikson,RU,2021-07-27 22:15:58,73.5069,80.5464,40.24,100,100,16.35
79,Lata,PT,2021-07-27 22:11:22,40.1629,-8.3327,65.05,96,2,3.51
80,Cockburn Town,TC,2021-07-27 22:15:59,21.4612,-71.1419,84.16,70,40,13.8
81,Cape Town,ZA,2021-07-27 22:12:02,-33.9258,18.4232,55.09,81,83,3.0
82,Hilo,US,2021-07-27 22:15:01,19.7297,-155.09,80.33,74,90,9.22
83,Ponta Do Sol,PT,2021-07-27 22:15:59,32.6667,-17.1,73.13,68,8,6.2
84,Ust-Kulom,RU,2021-07-27 22:15:59,61.6864,53.6902,44.15,96,99,8.28
85,Hobart,AU,2021-07-27 22:16:00,-42.8794,147.3294,55.26,82,40,3.0
86,Cansancao,BR,2021-07-27 22:16:00,-10.6672,-39.4992,70.39,83,96,6.29
87,Honiara,SB,2021-07-27 22:15:15,-9.4333,159.95,81.73,79,73,8.21
88,Bluff,NZ,2021-07-27 22:16:01,-46.6,168.3333,49.8,70,17,15.57
89,Sinnamary,GF,2021-07-27 22:16:01,5.3833,-52.95,79.39,80,11,9.15
90,Vestmannaeyjar,IS,2021-07-27 22:16:01,63.4427,-20.2734,54.01,84,38,11.32
91,Bethel,US,2021-07-27 22:12:33,41.3712,-73.414,87.89,59,1,11.5
92,Zhangye,CN,2021-07-27 22:16:02,38.9342,100.4517,68.29,37,19,6.11
93,Erechim,BR,2021-07-27 22:16:02,-27.6342,-52.2739,42.84,68,7,10.22
94,Sao Filipe,CV,2021-07-27 22:16:02,14.8961,-24.4956,74.43,82,17,5.93
95,Talnakh,RU,2021-07-27 22:16:03,69.4865,88.3972,65.32,91,89,6.73
96,Akdepe,TM,2021-07-27 22:16:03,42.0551,59.3788,75.2,26,0,7.94
97,Saldanha,ZA,2021-07-27 22:16:03,-33.0117,17.9442,56.41,76,100,8.79
98,Krasnoarmeyskoye,RU,2021-07-27 22:16:04,52.7182,50.0322,62.4,67,34,6.42
99,Thompson,CA,2021-07-27 22:15:07,55.7435,-97.8558,83.52,27,100,15.17
100,Kaitangata,NZ,2021-07-27 22:16:04,-46.2817,169.8464,48.92,71,78,3.94
101,Puerto Ayora,EC,2021-07-27 22:11:26,-0.7393,-90.3518,73.76,71,12,11.79
102,Nikolskoye,RU,2021-07-27 22:12:23,59.7035,30.7861,69.4,62,89,5.03
103,Galesong,ID,2021-07-27 22:16:05,-5.3166,119.3661,68.02,68,33,5.57
104,Berlevag,NO,2021-07-27 22:11:48,70.8578,29.0864,46.72,89,78,8.01
105,Pangnirtung,CA,2021-07-27 22:16:05,66.1451,-65.7125,46.4,100,90,0.0
106,Comodoro Rivadavia,AR,2021-07-27 22:12:14,-45.8667,-67.5,44.46,61,0,2.3
107,Auki,SB,2021-07-27 22:16:06,-8.7676,160.7034,81.12,76,72,4.9
108,Spornoye,RU,2021-07-27 22:16:06,50.8448,37.2913,73.42,47,16,3.22
109,Moindou,NC,2021-07-27 22:16:06,-21.6924,165.677,66.15,60,0,4.12
110,Deyang,CN,2021-07-27 22:16:07,31.1302,104.382,71.98,81,6,1.68
111,Upernavik,GL,2021-07-27 22:16:07,72.7868,-56.1549,49.62,73,100,17.49
112,High Level,CA,2021-07-27 22:16:07,58.5169,-117.136,69.91,49,40,9.22
113,Bairiki,KI,2021-07-27 22:16:08,1.3292,172.9752,84.2,74,75,6.91
114,Yamada,JP,2021-07-27 22:16:08,39.4667,141.95,73.85,96,100,19.53
115,Pascagoula,US,2021-07-27 22:16:08,30.3658,-88.5561,92.41,62,1,9.22
116,Mount Isa,AU,2021-07-27 22:13:35,-20.7333,139.5,53.37,71,89,1.14
117,Saskylakh,RU,2021-07-27 22:16:09,71.9167,114.0833,55.69,64,18,17.0
118,Canton,CN,2021-07-27 22:16:09,23.1167,113.25,84.94,64,53,4.74
119,Wajir,KE,2021-07-27 22:16:09,1.7471,40.0573,74.37,58,45,18.01
120,Iqaluit,CA,2021-07-27 22:16:10,63.7506,-68.5145,53.33,54,90,15.01
121,Barrow,US,2021-07-27 22:16:10,71.2906,-156.7887,42.82,84,90,17.27
122,Hay River,CA,2021-07-27 22:16:10,60.8156,-115.7999,62.58,51,75,4.61
123,Methven,NZ,2021-07-27 22:16:11,-43.6333,171.65,47.91,76,0,6.22
124,Padang,ID,2021-07-27 22:12:31,-0.9492,100.3543,77.05,88,46,3.18
125,Amahai,ID,2021-07-27 22:16:11,-3.3333,128.9167,77.13,88,88,3.04
126,Pato-O,PH,2021-07-27 22:16:11,12.4306,122.0647,79.68,81,100,22.86
127,Minab,IR,2021-07-27 22:16:12,27.1467,57.0801,90.9,46,100,1.32
128,Gladstone,AU,2021-07-27 22:16:12,-23.85,151.25,61.79,77,98,5.75
129,Biu,NG,2021-07-27 22:16:12,10.6129,12.1946,68.34,87,100,6.53
130,Tooele,US,2021-07-27 22:16:13,40.5308,-112.2983,92.95,35,40,16.11
131,Zhanaozen,KZ,2021-07-27 22:16:13,43.3,52.8,76.42,32,90,20.76
132,Bilibino,RU,2021-07-27 22:16:13,68.0546,166.4372,40.89,87,100,2.35
133,Hami,CN,2021-07-27 22:16:13,42.8,93.45,85.17,18,1,7.54
134,Raga,SS,2021-07-27 22:16:14,8.4596,25.678,69.46,97,93,3.53
135,Fort Nelson,CA,2021-07-27 22:11:31,58.8053,-122.7002,62.19,67,75,11.5
136,Severo-Kurilsk,RU,2021-07-27 22:16:14,50.6789,156.125,57.52,96,100,4.88
137,Sawtell,AU,2021-07-27 22:16:15,-30.3833,153.1,55.42,76,5,5.75
138,Bela,IN,2021-07-27 22:16:15,25.9333,81.9833,81.14,88,99,9.91
139,Gizo,SB,2021-07-27 22:16:15,-8.103,156.8419,82.33,76,84,8.57
140,Kruisfontein,ZA,2021-07-27 22:16:15,-34.0033,24.7314,52.88,94,5,6.93
141,Kenai,US,2021-07-27 22:16:16,60.5544,-151.2583,69.03,77,20,16.11
142,Lompoc,US,2021-07-27 22:16:16,34.6391,-120.4579,85.21,71,75,13.8
143,Yatou,CN,2021-07-27 22:12:52,37.15,122.3833,77.09,84,95,5.3
144,Ferrol,ES,2021-07-27 22:16:17,43.4832,-8.2369,64.92,89,7,7.29
145,Opava,CZ,2021-07-27 22:16:17,49.9387,17.9026,73.85,92,94,2.21
146,Khatanga,RU,2021-07-27 22:16:17,71.9667,102.5,75.61,57,99,15.93
147,Souillac,MU,2021-07-27 22:16:18,-20.5167,57.5167,68.36,100,75,19.57
148,Guerrero Negro,MX,2021-07-27 22:12:02,27.9769,-114.0611,81.25,50,0,14.92
149,Sterling,US,2021-07-27 22:13:37,39.0062,-77.4286,95.52,35,20,3.0
150,Aklavik,CA,2021-07-27 22:11:54,68.2191,-135.0107,64.65,58,100,3.65
151,Srednekolymsk,RU,2021-07-27 22:16:18,67.45,153.6833,38.55,94,100,10.63
152,Doha,QA,2021-07-27 22:16:19,25.2867,51.5333,96.69,65,0,4.61
153,Charlottesville,US,2021-07-27 22:11:32,38.0293,-78.4767,97.92,46,20,1.01
154,Aasiaat,GL,2021-07-27 22:16:19,68.7098,-52.8699,44.44,79,100,0.16
155,Avera,US,2021-07-27 22:13:29,33.194,-82.5271,92.71,47,68,0.96
156,Nanortalik,GL,2021-07-27 22:16:19,60.1432,-45.2371,46.65,76,55,4.52
157,Rudnyy,KZ,2021-07-27 22:16:20,52.9594,63.1206,58.71,58,15,7.36
158,Jiaohe,CN,2021-07-27 22:16:20,43.7286,127.3447,74.97,82,9,1.03
159,Lorengau,PG,2021-07-27 22:16:20,-2.0226,147.2712,83.75,73,5,4.79
160,Puerto Colombia,CO,2021-07-27 22:16:21,10.9878,-74.9547,75.29,78,75,5.06
161,Guasdualito,VE,2021-07-27 22:16:21,7.2424,-70.7324,81.19,88,31,2.59
162,Leua,SK,2021-07-27 22:16:21,48.2156,18.6071,76.5,75,66,6.44
163,Flinders,AU,2021-07-27 22:16:22,-34.5833,150.8552,59.38,61,92,4.0
164,Shenjiamen,CN,2021-07-27 22:12:51,29.9576,122.298,78.26,94,100,15.39
165,Mitsamiouli,KM,2021-07-27 22:13:20,-11.3847,43.2844,75.78,71,13,5.82
166,Provideniya,RU,2021-07-27 22:16:22,64.3833,-173.3,50.11,87,90,13.42
167,Caravelas,BR,2021-07-27 22:16:23,-17.7125,-39.2481,72.97,83,3,9.86
168,Airai,TL,2021-07-27 22:16:23,-8.9266,125.4092,56.52,67,55,2.98
169,Yeppoon,AU,2021-07-27 22:16:23,-23.1333,150.7333,53.38,74,93,0.47
170,Xining,CN,2021-07-27 22:12:52,36.6167,101.7667,50.86,73,52,2.17
171,East London,ZA,2021-07-27 22:16:24,-33.0153,27.9116,73.11,26,0,10.04
172,Sangar,RU,2021-07-27 22:16:24,63.9242,127.4739,60.4,59,20,0.58
173,San Carlos De Bariloche,AR,2021-07-27 22:14:12,-41.1456,-71.3082,40.75,36,0,3.44
174,Mahebourg,MU,2021-07-27 22:16:24,-20.4081,57.7,68.25,100,75,19.57
175,Bengkulu,ID,2021-07-27 22:12:39,-3.8004,102.2655,72.9,74,47,5.01
176,Noyabrsk,RU,2021-07-27 22:13:10,63.1994,75.4507,54.19,91,91,6.62
177,Kazachinskoye,RU,2021-07-27 22:16:25,57.6953,93.2761,56.88,86,99,4.74
178,Udachnyy,RU,2021-07-27 22:12:24,66.4167,112.4,77.99,50,77,2.35
179,Lasa,IT,2021-07-27 22:16:25,46.6166,10.7002,63.86,95,95,3.85
180,Tasiilaq,GL,2021-07-27 22:16:26,65.6145,-37.6368,44.76,78,33,7.65
181,Tarakan,ID,2021-07-27 22:16:26,3.3,117.6333,81.9,83,20,6.91
182,Ostrovnoy,RU,2021-07-27 22:16:26,68.0531,39.5131,46.33,87,56,4.72
183,Bahia Blanca,AR,2021-07-27 22:15:01,-38.7196,-62.2724,45.63,57,99,17.09
184,Hofn,IS,2021-07-27 22:16:27,64.2539,-15.2082,54.14,83,93,4.47
185,Waipawa,NZ,2021-07-27 22:16:27,-41.4122,175.5153,49.03,77,0,2.33
186,Te Anau,NZ,2021-07-27 22:16:27,-45.4167,167.7167,45.59,88,15,2.95
187,Jieshi,CN,2021-07-27 22:16:28,22.8134,115.8257,84.94,81,74,13.04
188,Melipilla,CL,2021-07-27 22:16:28,-33.7,-71.2167,64.81,63,0,4.68
189,Leningradskiy,RU,2021-07-27 22:16:28,69.3833,178.4167,34.36,97,100,7.67
190,Pingliang,CN,2021-07-27 22:16:29,35.5392,106.6861,68.81,57,99,1.74
191,Tupiza,BO,2021-07-27 22:16:29,-21.45,-65.7167,55.54,14,0,29.42
192,Dingle,PH,2021-07-27 22:16:29,10.9995,122.6711,78.82,84,100,10.16
193,Umtata,ZA,2021-07-27 22:16:30,-31.5889,28.7844,57.76,28,0,10.36
194,Kieta,PG,2021-07-27 22:16:30,-6.2167,155.6333,81.28,78,98,1.97
195,Hamilton,US,2021-07-27 22:11:32,39.1834,-84.5333,91.0,50,1,1.01
196,Paoua,CF,2021-07-27 22:16:30,7.2427,16.4406,67.64,97,100,1.74
197,Bichena,ET,2021-07-27 22:16:31,10.45,38.2,53.4,92,100,5.55
198,Campoverde,PE,2021-07-27 22:16:31,-8.4753,-74.8058,89.29,50,84,1.52
199,Port Hardy,CA,2021-07-27 22:15:06,50.6996,-127.4199,61.95,70,47,8.12
200,Quelimane,MZ,2021-07-27 22:16:31,-17.8786,36.8883,63.43,90,29,4.41
201,Port Lincoln,AU,2021-07-27 22:16:32,-34.7333,135.8667,52.77,66,5,25.79
202,Beisfjord,NO,2021-07-27 22:16:32,68.3751,17.5988,60.26,75,0,0.54
203,Kryvyy Rih,UA,2021-07-27 22:16:33,47.9167,33.35,72.48,56,0,2.24
204,Fortuna,US,2021-07-27 22:16:33,40.5982,-124.1573,88.2,57,100,6.53
205,Ginir,ET,2021-07-27 22:16:33,7.1333,40.7,60.21,67,97,12.53
206,Taoudenni,ML,2021-07-27 22:11:50,22.6783,-3.9836,104.4,6,45,10.38
207,Mangrol,IN,2021-07-27 22:16:34,21.1167,70.1167,81.64,85,100,23.49
208,Ahipara,NZ,2021-07-27 22:16:34,-35.1667,173.1667,58.12,83,44,7.05
209,Norman Wells,CA,2021-07-27 22:16:34,65.282,-126.8329,69.84,56,75,8.05
210,Port Moresby,PG,2021-07-27 22:16:35,-9.4431,147.1797,77.22,88,81,7.2
211,Hualmay,PE,2021-07-27 22:16:35,-11.0964,-77.6139,66.47,78,34,9.82
212,Palladam,IN,2021-07-27 22:16:35,10.9833,77.3,72.57,85,99,17.69
213,Narsaq,GL,2021-07-27 22:16:36,60.9167,-46.05,50.22,68,57,5.88
214,Oranjemund,NA,2021-07-27 22:16:36,-28.55,16.4333,54.27,85,10,3.49
215,Tefe,BR,2021-07-27 22:16:36,-3.3542,-64.7114,87.91,62,20,4.61
216,Kavaratti,IN,2021-07-27 22:16:36,10.5669,72.642,81.43,79,100,20.54
217,Portland,US,2021-07-27 22:15:24,45.5234,-122.6762,90.9,40,40,1.99
218,Walvis Bay,NA,2021-07-27 22:16:37,-22.9575,14.5053,58.15,72,0,1.14
219,Miles City,US,2021-07-27 22:16:37,46.4083,-105.8406,108.52,12,1,5.75
220,Zyryanka,RU,2021-07-27 22:12:15,65.75,150.85,47.82,63,100,13.18
221,Marawi,PH,2021-07-27 22:16:38,7.9986,124.2928,69.66,86,100,6.53
222,Garowe,SO,2021-07-27 22:16:38,8.4054,48.4845,75.63,50,100,23.47
223,Nouadhibou,MR,2021-07-27 22:16:38,20.931,-17.0347,69.78,83,4,19.57
224,Yelizovo,RU,2021-07-27 22:16:39,53.1873,158.3805,71.74,64,0,11.18
225,Goedereede,NL,2021-07-27 22:16:39,51.8175,3.9806,63.0,84,83,18.43
226,Saint-Francois,FR,2021-07-27 22:16:39,46.4154,3.9054,64.18,97,90,2.3
227,Bodden Town,KY,2021-07-27 22:16:40,19.2833,-81.25,75.2,88,75,11.5
228,Henties Bay,NA,2021-07-27 22:16:40,-22.116,14.2845,57.85,81,0,8.63
229,Noumea,NC,2021-07-27 22:16:40,-22.2763,166.4572,71.01,99,48,12.15
230,Namatanai,PG,2021-07-27 22:16:41,-3.6667,152.4333,81.73,75,51,4.52
231,Miramar,US,2021-07-27 22:15:21,25.9873,-80.2323,91.02,68,75,14.97
232,Moose Factory,CA,2021-07-27 22:16:41,51.2585,-80.6094,64.4,68,1,11.5
233,Shetpe,KZ,2021-07-27 22:16:41,44.1667,52.1167,75.56,24,85,21.18
234,Pocone,BR,2021-07-27 22:14:28,-16.2567,-56.6228,79.14,45,57,14.7
235,Arcachon,FR,2021-07-27 22:12:12,44.5875,-1.0519,66.25,82,75,4.61
236,Lebu,CL,2021-07-27 22:16:43,-37.6167,-73.65,47.98,76,0,24.14
237,Shahrud,IR,2021-07-27 22:16:44,36.4182,54.9763,76.93,41,0,4.72
238,Sao Joao Da Barra,BR,2021-07-27 22:16:44,-21.6403,-41.0511,72.41,85,2,19.98
239,Hauterive,FR,2021-07-27 22:16:44,46.0901,3.4459,63.36,94,89,0.29
240,Adrar,MR,2021-07-27 22:16:44,20.5022,-10.0711,92.53,21,100,12.84
241,Labrea,BR,2021-07-27 22:16:45,-7.2586,-64.7981,87.87,39,22,0.22
242,Scarborough,GB,2021-07-27 22:15:00,54.2797,-0.4044,63.54,88,98,6.8
243,Brae,GB,2021-07-27 22:11:48,60.3964,-1.353,55.31,93,47,4.52
244,George,ZA,2021-07-27 22:16:45,-33.963,22.4617,53.15,87,75,5.75
245,Pendleton,US,2021-07-27 22:16:46,45.6721,-118.7886,88.2,36,1,0.0
246,Antsohihy,MG,2021-07-27 22:16:46,-14.8796,47.9875,65.77,71,17,6.55
247,Vao,NC,2021-07-27 22:16:46,-22.6667,167.4833,67.96,59,100,16.84
248,Hasaki,JP,2021-07-27 22:16:47,35.7333,140.8333,79.2,83,70,16.33
249,Byron Bay,AU,2021-07-27 22:16:47,-28.65,153.6167,64.35,76,5,12.77
250,Mogadishu,SO,2021-07-27 22:16:47,2.0371,45.3438,76.62,81,87,21.03
251,Isangel,VU,2021-07-27 22:16:47,-19.55,169.2667,75.31,69,40,3.44
252,Acarau,BR,2021-07-27 22:16:48,-2.8856,-40.12,78.58,78,34,16.11
253,Necochea,AR,2021-07-27 22:16:48,-38.5473,-58.7368,45.03,69,49,23.73
254,Dhidhdhoo,MV,2021-07-27 22:16:48,6.8833,73.1,82.02,77,83,15.01
255,Mahanoro,MG,2021-07-27 22:16:49,-19.9,48.8,63.43,79,71,12.77
256,Atasu,KZ,2021-07-27 22:16:49,48.6814,71.6433,58.87,45,1,7.87
257,Port Hawkesbury,CA,2021-07-27 22:16:49,45.6169,-61.3485,73.69,88,1,3.0
258,Yuci,CN,2021-07-27 22:16:50,37.6803,112.7319,73.15,68,0,6.71
259,San Ignacio,BZ,2021-07-27 22:16:50,17.1561,-89.0714,92.07,44,90,10.0
260,Namibe,AO,2021-07-27 22:16:50,-15.1961,12.1522,65.97,82,69,2.28
261,Zanjan,IR,2021-07-27 22:16:51,36.6736,48.4787,70.56,60,15,8.77
262,Yulara,AU,2021-07-27 22:16:51,-25.2406,130.9889,58.84,55,90,0.0
263,Kahului,US,2021-07-27 22:16:44,20.8947,-156.47,87.82,73,40,23.02
264,General Roca,AR,2021-07-27 22:16:51,-39.0333,-67.5833,50.4,34,3,8.14
265,Howard Springs,AU,2021-07-27 22:16:52,-12.497,131.047,71.51,98,19,4.47
266,Westport,US,2021-07-27 22:12:41,41.1415,-73.3579,89.62,53,1,1.01
267,Circasia,CO,2021-07-27 22:16:52,4.6189,-75.6358,68.09,87,92,1.03
268,Gumdag,TM,2021-07-27 22:16:52,39.2061,54.5906,88.81,22,3,6.11
269,Svetlaya,RU,2021-07-27 22:16:53,46.5389,138.3297,71.29,82,77,1.25
270,Anadyr,RU,2021-07-27 22:16:53,64.75,177.4833,48.7,100,90,17.0
271,Honningsvag,NO,2021-07-27 22:16:53,70.9821,25.9704,46.78,89,12,8.52
272,Vila Velha,BR,2021-07-27 22:15:45,-20.3297,-40.2925,77.97,77,0,10.36
273,Acapulco,MX,2021-07-27 22:16:26,16.8634,-99.8901,85.82,66,75,3.44
274,Tigil,RU,2021-07-27 22:16:54,57.8,158.6667,57.38,86,100,4.76
275,Asyut,EG,2021-07-27 22:16:54,27.181,31.1837,82.58,23,0,9.78
276,Morondava,MG,2021-07-27 22:16:54,-20.2833,44.2833,66.24,53,0,9.57
277,Biltine,TD,2021-07-27 22:16:55,14.5333,20.9167,82.72,61,100,3.67
278,Port-Gentil,GA,2021-07-27 22:16:55,-0.7193,8.7815,76.05,80,72,11.86
279,Meulaboh,ID,2021-07-27 22:16:55,4.1363,96.1285,76.53,90,41,4.07
280,Hermosillo,MX,2021-07-27 22:14:59,29.0667,-110.9667,103.39,38,75,1.01
281,Saint George,US,2021-07-27 22:16:24,37.1041,-113.5841,95.54,29,1,3.0
282,Evansville,US,2021-07-27 22:16:56,37.9748,-87.5558,92.17,50,1,1.99
283,Van Buren,US,2021-07-27 22:16:56,35.4368,-94.3483,98.37,50,40,8.05
284,Sinop,TR,2021-07-27 22:16:57,41.7711,34.8709,63.23,91,4,4.63
285,Goma,CD,2021-07-27 22:16:57,-1.6792,29.2228,64.4,67,82,1.77
286,Frontera,MX,2021-07-27 22:16:57,26.9333,-101.45,99.25,15,0,14.79
287,Tshane,BW,2021-07-27 22:16:58,-24.0196,21.8684,48.09,44,0,9.93
288,Santa Fe,AR,2021-07-27 22:16:58,-31.6333,-60.7,53.01,33,2,5.99
289,Cherskiy,RU,2021-07-27 22:16:58,68.75,161.3,37.67,80,100,18.16
290,Kibondo,TZ,2021-07-27 22:16:58,-3.5864,30.7203,61.2,44,11,2.01
291,Maniitsoq,GL,2021-07-27 22:16:59,65.4167,-52.9,48.92,80,98,18.23
292,Mwinilunga,ZM,2021-07-27 22:16:59,-11.7358,24.4293,53.44,46,100,4.23
293,Bondo,CD,2021-07-27 22:16:59,3.8146,23.6866,71.42,80,97,1.54
294,Alofi,NU,2021-07-27 22:17:00,-19.0595,-169.9187,80.49,74,75,5.75
295,Mizdah,LY,2021-07-27 22:17:00,31.4451,12.9801,72.48,61,0,15.39
296,Nueva Loja,EC,2021-07-27 22:17:00,0.0847,-76.8828,86.02,62,75,4.61
297,Cayeli,TR,2021-07-27 22:17:01,41.0923,40.7292,73.22,75,25,5.28
298,Vilhena,BR,2021-07-27 22:12:57,-12.7406,-60.1458,77.63,49,76,6.11
299,Monrovia,LR,2021-07-27 22:17:01,6.3005,-10.7969,74.97,80,100,11.05
300,Crema,IT,2021-07-27 22:17:01,45.3588,9.6683,74.52,86,37,3.0
301,Benjamin Constant,BR,2021-07-27 22:17:02,-4.3831,-70.0311,78.93,89,20,5.75
302,Shaoyang,CN,2021-07-27 22:17:02,27.2315,111.4525,76.08,81,1,2.17
303,Abu Zabad,SD,2021-07-27 22:17:02,12.35,29.25,75.27,82,96,9.28
304,Victoria,HK,2021-07-27 22:13:04,22.2855,114.1577,87.96,91,98,1.01
305,Bonthe,SL,2021-07-27 22:17:03,7.5264,-12.505,77.27,85,100,10.96
306,Hithadhoo,MV,2021-07-27 22:17:03,-0.6,73.0833,80.91,78,96,7.72
307,New Norfolk,AU,2021-07-27 22:17:04,-42.7826,147.0587,54.9,81,93,1.99
308,Kupang,ID,2021-07-27 22:17:04,-10.1667,123.5833,73.98,78,20,8.05
309,Evensk,RU,2021-07-27 22:17:04,61.95,159.2333,58.5,53,93,9.24
310,Yerbogachen,RU,2021-07-27 22:17:05,61.2767,108.0108,65.32,69,5,4.9
311,Venado Tuerto,AR,2021-07-27 22:17:05,-33.7456,-61.9688,42.89,38,16,11.63
312,Changji,CN,2021-07-27 22:17:05,44.0167,87.3167,81.39,28,0,6.71
313,Magadan,RU,2021-07-27 22:17:05,59.5667,150.8,54.54,82,99,8.1
314,Wukari,NG,2021-07-27 22:17:06,7.85,9.7833,71.58,79,66,4.34
315,Newport,GB,2021-07-27 22:14:49,51.5877,-2.9984,63.86,88,100,7.27
316,Mugur-Aksy,RU,2021-07-27 22:17:06,50.35,90.5,49.32,93,77,5.23
317,Maxixe,MZ,2021-07-27 22:17:06,-23.8597,35.3472,63.59,66,0,7.07
318,Cienfuegos,CU,2021-07-27 22:17:07,22.1461,-80.4356,91.54,58,27,6.91
319,Kugulta,RU,2021-07-27 22:17:07,45.3636,42.3889,61.38,77,100,5.12
320,Joconal,HN,2021-07-27 22:17:07,15.3544,-88.6356,88.79,79,81,4.29
321,Samagaltay,RU,2021-07-27 22:17:08,50.6022,95.0047,57.94,88,100,3.11
322,Zeerust,ZA,2021-07-27 22:17:08,-25.5369,26.0751,38.21,50,0,0.89
323,Krasnoselkup,RU,2021-07-27 22:17:08,65.7,82.4667,47.64,92,100,8.39
324,Lavrentiya,RU,2021-07-27 22:12:16,65.5833,-171.0,44.28,99,100,9.89
325,Taonan,CN,2021-07-27 22:17:09,45.3333,122.7833,71.71,75,94,5.08
326,Kavieng,PG,2021-07-27 22:17:09,-2.5744,150.7967,84.22,72,15,11.1
327,Dakar,SN,2021-07-27 22:17:10,14.6937,-17.4441,80.73,74,40,9.22
328,Sosnovo,RU,2021-07-27 22:17:10,60.5514,30.2144,67.98,60,92,3.78
329,Buraydah,SA,2021-07-27 22:17:10,26.326,43.975,95.45,15,2,10.31
330,Makakilo City,US,2021-07-27 22:16:25,21.3469,-158.0858,88.12,51,40,11.5
331,Moron,AR,2021-07-27 22:15:41,-34.6534,-58.6198,49.96,52,19,5.01
332,Alekseyevka,RU,2021-07-27 22:17:11,50.6309,38.6903,69.42,53,36,3.96
333,Chokurdakh,RU,2021-07-27 22:17:11,70.6333,147.9167,38.03,77,100,11.86
334,Odesskoye,RU,2021-07-27 22:17:11,54.2111,72.9651,53.29,76,42,6.6
335,Opuwo,NA,2021-07-27 22:12:36,-18.0607,13.84,58.75,31,0,7.76
336,Tabuk,PH,2021-07-27 22:17:12,17.4189,121.4443,76.95,87,100,1.66
337,Okhotsk,RU,2021-07-27 22:17:12,59.3833,143.3,63.72,79,35,2.39
338,Magdeburg,DE,2021-07-27 22:13:25,52.1667,11.6667,70.29,64,100,5.03
339,Tomatlan,MX,2021-07-27 22:17:12,19.9333,-105.25,89.55,60,41,7.18
340,Igarka,RU,2021-07-27 22:17:13,67.4667,86.5833,52.93,92,100,6.91
341,Castro,BR,2021-07-27 22:17:13,-24.7911,-50.0119,50.11,94,100,10.49
342,Arlit,NE,2021-07-27 22:17:13,18.7369,7.3853,84.51,50,95,14.74
343,Kropotkin,RU,2021-07-27 22:17:14,45.4375,40.5756,59.81,81,19,5.99
344,Kharhial,IN,2021-07-27 22:17:14,20.2833,82.7667,77.41,81,100,4.45
345,Colares,PT,2021-07-27 22:17:14,38.7992,-9.4469,68.29,74,0,17.0
346,La Ronge,CA,2021-07-27 22:17:15,55.1001,-105.2842,77.22,50,20,5.75
347,Asau,RO,2021-07-27 22:17:15,46.4333,26.4,70.39,79,54,5.39
348,Skjervoy,NO,2021-07-27 22:17:15,70.0311,20.9714,48.43,93,80,1.97
349,Big Rapids,US,2021-07-27 22:17:16,43.6981,-85.4837,84.58,51,40,5.75
350,Nizhniy Odes,RU,2021-07-27 22:17:16,63.6445,54.856,43.25,91,99,11.1
351,Omura,JP,2021-07-27 22:17:16,32.9214,129.9539,80.42,83,20,3.0
352,El Alto,PE,2021-07-27 22:17:17,-4.2714,-81.2147,68.68,77,14,15.05
353,Annecy-Le-Vieux,FR,2021-07-27 22:17:17,45.9197,6.1439,70.68,88,75,4.61
354,Waingapu,ID,2021-07-27 22:17:17,-9.6567,120.2641,74.93,82,29,8.37
355,Peniche,PT,2021-07-27 22:17:18,39.3558,-9.3811,67.75,89,0,18.39
356,Kloulklubed,PW,2021-07-27 22:17:18,7.0419,134.2556,82.9,74,85,10.09
357,Gualaceo,EC,2021-07-27 22:17:18,-2.9,-78.7833,71.26,85,92,5.01
358,Sauda,NO,2021-07-27 22:17:19,59.6506,6.3542,65.68,86,100,5.14
359,Sao Jose Da Coroa Grande,BR,2021-07-27 22:17:19,-8.8978,-35.1478,74.88,85,22,7.16
360,Lincoln,US,2021-07-27 22:17:19,40.8,-96.667,100.02,41,1,12.66
361,Pimentel,PE,2021-07-27 22:17:19,-6.8367,-79.9342,68.29,82,40,5.01
362,Maceio,BR,2021-07-27 22:15:01,-9.6658,-35.7353,74.64,88,75,2.3
363,Borgo San Dalmazzo,IT,2021-07-27 22:17:20,44.333,7.4858,69.84,87,16,4.85
364,Deputatskiy,RU,2021-07-27 22:17:20,69.3,139.9,38.84,81,93,4.18
365,Castlegar,CA,2021-07-27 22:15:06,49.2998,-117.6689,93.97,15,100,5.68
366,Limbang,MY,2021-07-27 22:17:21,4.75,115.0,80.91,96,61,2.57
367,Marienburg,PL,2021-07-27 22:17:21,54.0359,19.0266,69.89,90,81,5.59
368,Miranda,CO,2021-07-27 22:17:21,3.2499,-76.2281,80.65,81,84,0.98
369,Klyuchi,RU,2021-07-27 22:17:21,52.2667,79.1667,56.14,64,42,4.7
370,Sisimiut,GL,2021-07-27 22:17:22,66.9395,-53.6735,54.03,62,100,16.8
371,Swift Current,CA,2021-07-27 22:15:06,50.2834,-107.8014,96.8,10,76,14.5
372,Yizheng,CN,2021-07-27 22:17:22,24.6706,103.4296,59.07,94,16,2.57
373,Sorland,NO,2021-07-27 22:17:22,67.667,12.6934,55.47,88,4,10.92
374,Synya,RU,2021-07-27 22:17:23,65.3718,58.0387,43.66,96,100,15.59
375,Qostanay,KZ,2021-07-27 22:17:23,53.1667,63.5833,59.54,59,50,8.46
376,Dongsheng,CN,2021-07-27 22:17:24,39.8161,109.9776,69.28,51,100,6.08
377,Huancavelica,PE,2021-07-27 22:17:24,-12.7667,-74.9833,45.37,52,78,9.06
378,Inta,RU,2021-07-27 22:17:24,66.0317,60.1659,42.42,91,100,7.36
379,Arkhangelskoye,RU,2021-07-27 22:17:24,55.8549,35.3287,62.24,88,100,3.76
380,Inirida,CO,2021-07-27 22:17:25,3.8653,-67.9239,75.25,94,98,2.1
381,Pisco,PE,2021-07-27 22:17:25,-13.7,-76.2167,66.25,77,0,18.41
382,Dondo,MZ,2021-07-27 22:17:26,-19.6094,34.7431,61.23,88,0,2.46
383,Natal,BR,2021-07-27 22:14:46,-5.795,-35.2094,75.85,94,40,3.44
384,Georgetown,MY,2021-07-27 22:14:29,5.4112,100.3354,82.89,84,20,1.01
385,Quatre Cocos,MU,2021-07-27 22:17:26,-20.2078,57.7625,68.09,86,94,15.1
386,Dawei,MM,2021-07-27 22:17:26,14.0833,98.2,77.5,93,100,6.13
387,Barcelona,ES,2021-07-27 22:13:16,41.3888,2.159,77.7,80,40,4.61
388,Sidhi,IN,2021-07-27 22:17:27,24.4167,81.8833,75.09,94,100,12.68
389,Kazlu Ruda,LT,2021-07-27 22:17:27,54.7667,23.5,69.78,94,86,4.41
390,Channel-Port Aux Basques,CA,2021-07-27 22:15:07,47.5702,-59.1367,62.94,98,84,9.24
391,Parrita,CR,2021-07-27 22:17:28,9.5201,-84.3225,85.98,77,73,5.97
392,Pathalgaon,IN,2021-07-27 22:17:28,22.5667,83.4667,71.89,97,100,8.41
393,Qandala,SO,2021-07-27 22:17:28,11.472,49.8728,87.44,50,5,17.45
394,Bocana De Paiwas,NI,2021-07-27 22:17:29,12.7857,-85.1227,74.93,93,100,8.37
395,Longyearbyen,SJ,2021-07-27 22:17:29,78.2186,15.6401,44.44,87,75,11.5
396,Ardakan,IR,2021-07-27 22:17:29,32.31,54.0175,86.38,19,28,10.07
397,Alekseyevsk,RU,2021-07-27 22:17:29,57.8406,108.3492,65.19,67,1,1.07
398,Stanger,ZA,2021-07-27 22:17:30,-29.3282,31.2895,57.99,31,7,7.36
399,Sakakah,SA,2021-07-27 22:12:54,29.9697,40.2064,92.59,15,1,13.85
400,San Jose,US,2021-07-27 22:15:03,37.3394,-121.895,98.28,31,40,12.66
401,Harper,LR,2021-07-27 22:17:30,4.375,-7.7169,76.66,77,100,8.57
402,Kajaani,FI,2021-07-27 22:17:31,64.2273,27.7285,57.25,82,0,1.14
403,Innisfail,AU,2021-07-27 22:17:31,-17.5333,146.0333,66.18,77,15,4.09
404,Atar,MR,2021-07-27 22:17:31,20.5169,-13.0499,95.56,17,87,3.76
405,Mahenge,TZ,2021-07-27 22:17:32,-8.6833,36.7167,58.1,44,2,4.27
406,Cairns,AU,2021-07-27 22:15:36,-16.9167,145.7667,70.07,86,40,5.75
407,Tamale,GH,2021-07-27 22:17:32,9.4008,-0.8393,77.14,73,100,4.61
408,Mathathane,BW,2021-07-27 22:17:32,-22.2687,28.7495,53.94,48,0,7.76
409,Ancud,CL,2021-07-27 22:17:33,-41.8697,-73.8203,47.73,79,97,2.13
410,Hoquiam,US,2021-07-27 22:17:33,46.9809,-123.8893,86.54,38,1,18.41
411,Qusar,AZ,2021-07-27 22:17:33,41.4273,48.4289,65.59,70,73,8.08
412,San Patricio,US,2021-07-27 22:17:33,28.017,-97.5169,96.89,43,86,11.72
413,Aloleng,PH,2021-07-27 22:17:34,16.1307,119.7824,81.72,85,100,18.41
414,Tolaga Bay,NZ,2021-07-27 22:17:34,-38.3667,178.3,54.18,63,25,6.62
415,Wanaka,NZ,2021-07-27 22:17:34,-44.7,169.15,44.11,99,88,1.01
416,Swinoujscie,PL,2021-07-27 22:17:35,53.9105,14.2471,66.97,78,52,4.94
417,Itarema,BR,2021-07-27 22:17:35,-2.9248,-39.9167,78.26,79,26,15.48
418,Camacha,PT,2021-07-27 22:17:35,33.0833,-16.3333,69.53,64,75,14.97
419,Santa Vitoria Do Palmar,BR,2021-07-27 22:17:36,-33.5189,-53.3681,44.13,65,7,16.37
420,Soc Trang,VN,2021-07-27 22:17:36,9.6033,105.98,76.96,84,14,9.48
421,Ridgecrest,US,2021-07-27 22:17:36,35.6225,-117.6709,100.26,19,20,6.91
422,San Martin,AR,2021-07-27 22:17:37,-33.081,-68.4681,52.34,30,9,12.06
423,Nyurba,RU,2021-07-27 22:17:37,63.2842,118.3319,68.36,68,16,2.3
424,Poya,NC,2021-07-27 22:17:37,-21.35,165.15,68.95,59,0,5.19
425,Kutum,SD,2021-07-27 22:17:38,14.2,24.6667,70.97,80,90,13.53
426,Mandalgovi,MN,2021-07-27 22:17:38,45.7625,106.2708,64.92,65,100,2.98
427,Areia Branca,BR,2021-07-27 22:17:38,-4.9561,-37.1369,80.46,76,8,16.26
428,Haimen,CN,2021-07-27 22:17:38,23.1935,116.6142,84.09,84,49,7.07
429,Andenes,NO,2021-07-27 22:17:39,69.3143,16.1194,52.07,100,90,11.5
430,Codrington,AU,2021-07-27 22:17:39,-38.2667,141.9667,48.58,79,39,20.36
431,Piacabucu,BR,2021-07-27 22:17:39,-10.4056,-36.4344,73.17,89,18,6.51
432,Buin,CL,2021-07-27 22:17:40,-33.7333,-70.75,61.12,40,0,3.33
433,South Lyon,US,2021-07-27 22:14:48,42.4606,-83.6516,86.92,59,65,1.01
434,Kungurtug,RU,2021-07-27 22:17:40,50.5994,97.5228,51.35,96,69,1.79
435,Owando,CG,2021-07-27 22:17:40,-0.4819,15.8999,81.21,36,98,3.29
436,Kresna,BG,2021-07-27 22:17:41,41.7333,23.15,76.87,45,0,2.91
437,Charters Towers,AU,2021-07-27 22:17:41,-20.1,146.2667,60.64,79,1,6.6
438,Kysyl-Syr,RU,2021-07-27 22:17:41,63.8986,122.7617,60.76,61,13,7.63
439,Dunkirk,FR,2021-07-27 22:17:42,51.05,2.3667,62.22,91,35,10.27
440,Edelira,PY,2021-07-27 22:17:42,-26.75,-55.2667,45.73,43,0,4.61
441,Yankton,US,2021-07-27 22:17:42,42.8711,-97.3973,109.11,47,1,10.36
442,Mount Hagen,PG,2021-07-27 22:17:43,-5.8581,144.2274,61.56,94,75,0.0
443,Morant Bay,JM,2021-07-27 22:14:44,17.8815,-76.4093,81.63,74,71,9.33
444,Panama City,PA,2021-07-27 22:17:43,8.9936,-79.5197,84.16,75,20,4.61
445,Misratah,LY,2021-07-27 22:17:43,32.3754,15.0925,79.39,68,0,11.43
446,Hare Bay,CA,2021-07-27 22:15:07,48.8499,-54.0148,72.19,86,100,9.78
447,Faya,SA,2021-07-27 22:17:44,18.3851,42.4509,66.31,77,26,4.99
448,Alyangula,AU,2021-07-27 22:17:44,-13.8483,136.4192,64.27,100,40,1.14
449,Luderitz,NA,2021-07-27 22:17:44,-26.6481,15.1594,56.34,74,0,10.31
450,Touros,BR,2021-07-27 22:17:44,-5.1989,-35.4608,76.1,82,0,13.33
451,Codajas,BR,2021-07-27 22:17:45,-3.8367,-62.0569,84.31,54,45,1.57
452,Bamiantong,CN,2021-07-27 22:17:45,44.9333,130.5333,79.79,68,36,2.51
453,Sorong,ID,2021-07-27 22:17:27,-0.8833,131.25,78.82,87,95,6.44
454,Viedma,AR,2021-07-27 22:17:45,-40.8135,-62.9967,44.76,67,93,22.1
455,Visby,SE,2021-07-27 22:17:46,57.6409,18.296,63.95,100,18,0.0
456,Matara,LK,2021-07-27 22:17:46,5.9485,80.5353,78.64,87,99,11.14
457,Sibu,MY,2021-07-27 22:17:46,2.3,111.8167,77.31,94,40,2.3
458,Khargapur,IN,2021-07-27 22:17:47,24.823,79.144,75.61,93,100,11.86
459,Port Hedland,AU,2021-07-27 22:17:47,-20.3167,118.5667,62.65,100,4,4.61
460,Kolondieba,ML,2021-07-27 22:17:47,11.0882,-6.8926,76.89,81,93,5.01
461,Labuhan,ID,2021-07-27 22:17:48,-6.8844,112.2051,72.72,89,22,6.62
462,Ndola,ZM,2021-07-27 22:17:48,-12.9587,28.6366,38.73,55,75,7.0
463,Liepaja,LV,2021-07-27 22:17:48,56.5419,21.0367,69.85,94,97,4.61
464,Solnechnyy,RU,2021-07-27 22:17:49,50.7214,136.6319,72.36,92,73,0.4
465,Sinjar,IQ,2021-07-27 22:17:49,36.3209,41.8754,89.78,18,0,12.26
466,Mezhova,UA,2021-07-27 22:17:49,48.2532,36.7347,71.46,59,88,7.56
467,Bizhbulyak,RU,2021-07-27 22:17:49,53.6967,54.2642,56.03,83,37,5.32
468,Inhambane,MZ,2021-07-27 22:17:50,-23.865,35.3833,64.87,64,0,8.1
469,Kosonsoy,UZ,2021-07-27 22:17:50,41.2561,71.5508,75.76,31,0,7.4
470,Cacoal,BR,2021-07-27 22:17:51,-11.4386,-61.4472,87.31,32,54,2.46
471,Bom Jesus,BR,2021-07-27 22:17:51,-9.0744,-44.3586,79.99,34,32,3.67
472,Trairi,BR,2021-07-27 22:13:34,-3.2778,-39.2689,77.65,79,21,10.8
473,Vostok,RU,2021-07-27 22:17:51,46.4856,135.8833,78.06,70,90,1.63
474,Anjiang,CN,2021-07-27 22:17:52,27.3194,110.1031,74.84,85,2,1.68
475,Hollister,US,2021-07-27 22:17:52,36.8525,-121.4016,95.83,47,1,24.16
476,Cumberland,US,2021-07-27 22:17:52,35.0502,-78.8664,94.12,63,1,5.75
477,Erzin,TR,2021-07-27 22:17:53,36.9559,36.2,88.32,74,0,0.63
478,Mocuba,MZ,2021-07-27 22:17:53,-16.8392,36.9856,59.47,96,21,3.13
479,Taldan,RU,2021-07-27 22:17:53,53.6667,124.8,60.87,99,100,7.09
480,Tirlyanskiy,RU,2021-07-27 22:17:54,54.2109,58.5806,49.53,96,24,4.43
481,Vangaindrano,MG,2021-07-27 22:17:54,-23.35,47.6,62.24,89,91,7.74
482,Cururupu,BR,2021-07-27 22:17:54,-1.8283,-44.8683,76.46,84,40,4.18
483,Chicama,PE,2021-07-27 22:17:15,-7.8447,-79.1469,64.94,70,10,9.15
484,Angoche,MZ,2021-07-27 22:17:55,-16.2325,39.9086,68.13,76,19,7.78
485,Gornopravdinsk,RU,2021-07-27 22:17:55,60.05,69.9,47.95,98,71,4.88
486,Hope,US,2021-07-27 22:17:03,33.6671,-93.5916,90.99,55,99,4.21
487,Craig,US,2021-07-27 22:17:03,40.5153,-107.5464,94.19,13,1,6.91
488,Kindu,CD,2021-07-27 22:17:55,-2.95,25.95,76.64,41,40,3.0
489,Omsukchan,RU,2021-07-27 22:17:56,62.5333,155.8,44.85,67,99,9.17
490,Puerto Carreno,CO,2021-07-27 22:17:56,6.189,-67.4859,80.31,83,94,4.74
491,Havoysund,NO,2021-07-27 22:17:56,70.9963,24.6622,47.28,92,20,6.85
492,Oleksandrivka,UA,2021-07-27 22:17:57,48.9634,32.2349,71.53,46,9,7.54
493,Roseburg,US,2021-07-27 22:17:57,43.2165,-123.3417,82.18,29,1,0.0
494,Saint Paul,US,2021-07-27 22:15:40,44.9444,-93.0933,96.53,60,40,8.05
495,Gokak,IN,2021-07-27 22:17:57,16.1667,74.8333,72.54,85,98,15.19
496,Yumen,CN,2021-07-27 22:17:58,40.2833,97.2,75.51,22,34,8.16
497,Sabha,LY,2021-07-27 22:17:58,27.0377,14.4283,86.27,21,0,10.74
498,Vorotynets,RU,2021-07-27 22:17:58,56.0603,45.8633,55.11,73,34,3.4
499,Fairfield,US,2021-07-27 22:17:59,41.2668,-73.3162,87.04,55,1,11.5
500,Tuy Hoa,VN,2021-07-27 22:17:59,13.0833,109.3,83.48,69,100,16.64
501,Ornskoldsvik,SE,2021-07-27 22:17:59,63.2909,18.7153,63.55,67,26,4.61
502,Birnin Kebbi,NG,2021-07-27 22:18:00,12.4539,4.1975,74.23,91,100,8.75
503,Dehloran,IR,2021-07-27 22:18:00,32.6941,47.2679,102.88,12,0,9.17
504,Sabang,ID,2021-07-27 22:18:00,5.8933,95.3214,83.21,74,44,20.09
505,Berdigestyakh,RU,2021-07-27 22:13:25,62.0989,126.6992,59.14,64,5,5.32
506,Port Macquarie,AU,2021-07-27 22:18:01,-31.4333,152.9167,48.38,63,7,8.28
507,Nambucca Heads,AU,2021-07-27 22:18:01,-30.65,153.0,55.4,54,6,4.34
508,Faridpur,BD,2021-07-27 22:18:01,23.6,89.8333,82.4,91,100,6.55
509,Kenora,CA,2021-07-27 22:18:02,49.8167,-94.4337,81.57,32,20,9.22
510,Benguela,AO,2021-07-27 22:18:02,-12.5763,13.4055,70.83,81,32,4.43
511,Saint-Augustin,CA,2021-07-27 22:18:02,51.226,-58.6502,62.24,93,99,8.37
512,Voyvozh,RU,2021-07-27 22:18:03,62.892,54.9635,41.7,95,98,9.86
513,Bandarbeyla,SO,2021-07-27 22:18:03,9.4942,50.8122,79.63,67,15,24.45
514,Sur,OM,2021-07-27 22:18:03,22.5667,59.5289,94.08,47,100,19.66
515,Harnosand,SE,2021-07-27 22:18:03,62.6323,17.9379,64.0,76,14,8.16
516,Tual,ID,2021-07-27 22:18:04,-5.6667,132.75,80.67,83,78,15.99
517,Zharkent,KZ,2021-07-27 22:18:05,44.1628,80.0,73.87,43,0,2.15
518,Santa Marta,CO,2021-07-27 22:17:08,11.2408,-74.199,82.98,82,85,5.26
519,Eloy,US,2021-07-27 22:18:05,32.7559,-111.5548,105.01,26,6,10.58
520,Coihaique,CL,2021-07-27 22:18:05,-45.5752,-72.0662,39.15,75,0,0.0
521,Jaca,ES,2021-07-27 22:18:06,42.569,-0.5499,73.02,89,87,2.95
522,Nioro,GM,2021-07-27 22:18:06,13.35,-15.75,80.17,73,100,9.06
523,Mahajanga,MG,2021-07-27 22:18:07,-15.7167,46.3167,69.82,83,20,2.3
524,Lagoa,PT,2021-07-27 22:18:07,39.05,-27.9833,71.29,85,100,10.74
525,Togur,RU,2021-07-27 22:18:07,58.3631,82.8265,56.34,70,100,5.12
526,Pereira Barreto,BR,2021-07-27 22:18:08,-20.6383,-51.1092,74.52,58,61,21.05
527,Morro Bay,US,2021-07-27 22:18:08,35.3658,-120.8499,100.74,62,17,8.01
528,Yola,NG,2021-07-27 22:18:08,9.2,12.4833,75.99,74,98,4.07
529,Aldan,RU,2021-07-27 22:18:09,58.6031,125.3894,64.33,88,16,2.86
530,Ketchikan,US,2021-07-27 22:18:09,55.3422,-131.6461,63.07,67,75,4.61
531,Miri,MY,2021-07-27 22:18:09,4.4148,114.0089,78.94,94,20,3.44
532,Karatuzskoye,RU,2021-07-27 22:18:10,53.6072,92.8667,59.11,98,100,2.68
533,Itaituba,BR,2021-07-27 22:17:35,-4.2761,-55.9836,85.17,41,26,0.72
534,Esperance,AU,2021-07-27 22:18:10,-33.8667,121.9,48.27,81,33,14.99
535,Boguchany,RU,2021-07-27 22:18:10,58.3814,97.4531,64.58,92,100,4.41
536,Marsaxlokk,MT,2021-07-27 22:18:11,35.8419,14.5431,81.09,73,0,2.3
537,Sitka,US,2021-07-27 22:18:11,57.0531,-135.33,58.89,82,90,0.0
538,Nhulunbuy,AU,2021-07-27 22:18:11,-12.2333,136.7667,70.41,100,40,0.0
539,Sassandra,CI,2021-07-27 22:13:51,4.95,-6.0833,75.65,82,83,7.47
540,Jhang,PK,2021-07-27 22:18:12,33.6748,72.6963,81.61,81,86,16.28
541,Toumodi,CI,2021-07-27 22:18:12,6.5613,-5.0158,75.7,97,83,4.68
542,Kempsey,AU,2021-07-27 22:18:12,-31.0833,152.8333,48.45,59,6,4.21
543,Lunderskov,DK,2021-07-27 22:18:13,55.4837,9.2992,62.56,94,37,3.44
544,Batsfjord,NO,2021-07-27 22:18:13,70.6345,29.7185,46.62,92,67,7.78
545,Porangatu,BR,2021-07-27 22:18:13,-13.4408,-49.1486,78.73,26,19,3.58
546,Olafsvik,IS,2021-07-27 22:18:14,64.8945,-23.7142,51.64,86,99,13.51
547,Abu Kamal,SY,2021-07-27 22:18:14,34.4506,40.9171,93.18,18,0,17.9
548,Fukue,JP,2021-07-27 22:18:14,32.6881,128.8419,79.25,80,0,3.13
549,Nyagan,RU,2021-07-27 22:18:15,62.1406,65.3936,42.87,75,43,4.88
550,Magadi,IN,2021-07-27 22:18:15,12.9667,77.2333,68.34,88,100,12.55
551,Sile,TR,2021-07-27 22:18:15,41.1754,29.6133,74.57,76,0,6.17
552,Baykit,RU,2021-07-27 22:18:15,61.67,96.37,65.32,89,100,2.17
553,Karratha,AU,2021-07-27 22:18:16,-20.7377,116.8463,68.18,73,4,6.17
554,Digoin,FR,2021-07-27 22:18:16,46.4812,3.9795,64.81,96,90,2.3
555,Vila Do Maio,CV,2021-07-27 22:18:16,15.1333,-23.2167,77.79,79,62,13.2
556,Albanel,CA,2021-07-27 22:18:17,48.8832,-72.4487,62.74,51,95,8.05
557,Beasain,ES,2021-07-27 22:18:17,43.0502,-2.2009,67.28,97,90,2.84
558,Nouakchott,MR,2021-07-27 22:18:17,18.0858,-15.9785,76.93,84,66,13.89
559,Tabou,CI,2021-07-27 22:18:18,4.423,-7.3528,76.69,77,100,8.34
560,Kassala,SD,2021-07-27 22:18:18,15.451,36.4,78.1,77,81,12.35
561,Kirensk,RU,2021-07-27 22:18:18,57.7853,108.1119,64.74,67,1,1.12
562,Dinguiraye,GN,2021-07-27 22:18:19,11.3,-10.7167,73.38,92,99,2.77
563,Brownsville,US,2021-07-27 22:18:19,25.9018,-97.4975,91.89,64,20,8.01
564,Bembereke,BJ,2021-07-27 22:18:19,10.2283,2.6634,69.82,96,100,5.21
565,Puerto El Triunfo,SV,2021-07-27 22:18:20,13.2833,-88.55,92.32,72,77,8.95
566,Salalah,OM,2021-07-27 22:18:20,17.0151,54.0924,78.89,89,90,9.22
567,Coffs Harbour,AU,2021-07-27 22:18:20,-30.3,153.1333,55.36,76,4,5.75
568,Eyemouth,GB,2021-07-27 22:18:21,55.8713,-2.0901,61.84,94,99,1.99
569,Lufilufi,WS,2021-07-27 22:18:21,-13.8745,-171.5986,87.58,67,63,13.24
570,San Rafael,AR,2021-07-27 22:18:21,-34.6177,-68.3301,45.54,27,17,5.77
571,Celestun,MX,2021-07-27 22:18:21,20.8667,-90.4,83.8,73,69,12.15
572,Phalodi,IN,2021-07-27 22:18:22,27.1333,72.3667,83.01,76,100,19.15
573,Puri,IN,2021-07-27 22:18:22,19.8,85.85,81.37,81,100,7.27
574,Pitkyaranta,RU,2021-07-27 22:18:22,61.5734,31.4792,60.42,90,13,7.81
575,Umm Kaddadah,SD,2021-07-27 22:18:23,13.6017,26.6876,84.13,53,84,10.38
576,Kawalu,ID,2021-07-27 22:18:23,-7.3817,108.2082,70.54,90,88,0.31
577,Teavaro,PF,2021-07-27 22:18:23,-17.5,-149.7667,81.88,65,75,6.91
578,Mehriz,IR,2021-07-27 22:18:24,31.5917,54.4318,81.1,23,62,4.81
